Title,Date
"Chambers: Season 1: Into the Void","2020-05-03"
"Collateral: Limited Series: Episode 3","2020-05-03"
"La Reina del Sur: Season 1: Episode 1","2020-05-03"
"Ozark: Season 3: Fire Pink","2020-04-30"
"Uncut Gems","2020-04-30"
"Ozark: Season 3: BFF","2020-04-27"
"Ozark: Season 3: In Case of Emergency","2020-04-20"
"Ozark: Season 3: Su Casa Es Mi Casa","2020-04-19"
"Sergio","2020-04-18"
"Ozark: Season 3: It Came From Michoacán","2020-04-17"
"Elite: Season 1: Welcome","2020-04-15"
"Ozark: Season 3: Boss Fight","2020-04-15"
"Ozark: Season 3: Kevin Cronin Was Here","2020-04-14"
"Ozark: Season 3: Civil Union","2020-04-13"
"You Cannot Hide: Season 1: Face to Face","2020-04-11"
"You Cannot Hide: Season 1: Intuition","2020-04-09"
"You Cannot Hide: Season 1: Final Destination","2020-04-07"
"You Cannot Hide: Season 1: A New Suspect","2020-04-06"
"You Cannot Hide: Season 1: The Truth","2020-04-06"
"You Cannot Hide: Season 1: In Danger","2020-04-05"
"You Cannot Hide: Season 1: Proof Of The Crime","2020-04-05"
"You Cannot Hide: Season 1: The Tattoo","2020-04-02"
"You Cannot Hide: Season 1: The Hint","2020-04-02"
"Ares: Season 1: Episode 2","2020-03-31"
"Ozark: Season 3: Wartime","2020-03-29"
"Ares: Season 1: Episode 1","2020-03-25"
"Hache: Season 1: Helena with an H","2020-03-17"
"Hache: Season 1: The carousel","2020-03-13"
"Queen Sono: Season 1: State of Emergency","2020-03-06"
"Queen Sono: Season 1: Sugar Water","2020-03-06"
"Queen Sono: Season 1: The Devil's Toys","2020-03-05"
"Queen Sono: Season 1: Rookie","2020-03-05"
"Queen Sono: Season 1: Dying Is Sore","2020-03-04"
"Queen Sono: Season 1: I Am Queen Sono","2020-03-04"
"Black Mirror: Season 5: Smithereens","2020-02-29"
"Black Mirror: Season 5: Striking Vipers","2020-02-29"
"Hache: Season 1: Marseille","2020-02-28"
"Hache: Season 1: Vengeance","2020-02-28"
"Hache: Season 1: The kiss of death","2020-02-19"
"You: Season 1: Living with the Enemy","2020-02-15"
"You Cannot Hide: Season 1: On The Run","2020-01-31"
"Hache: Season 1: The first job","2020-01-12"
"The Irishman","2020-01-11"
"Hache: Season 1: The bout","2020-01-11"
"Hache: Season 1: Dolls floating at sea","2020-01-11"
"You: Season 1: The Captain","2019-12-23"
"6 Underground","2019-12-21"
"The Club: Season 1: MDMA AND BAD IDEAS","2019-12-06"
"Marianne: Season 1: Tuesday","2019-12-06"
"You: Season 1: Maybe","2019-11-28"
"Marianne: Season 1: Memories","2019-11-26"
"Marianne: Season 1: Too Young to Handle It","2019-11-23"
"Criminal: Spain: Season 1: Isabel","2019-11-23"
"Marianne: Season 1: You Left Her","2019-11-15"
"Marianne: Season 1: Beautiful Moment","2019-11-13"
"You: Season 1: Amour Fou","2019-11-05"
"Bloodline: Season 1: Part 2","2019-10-15"
"The Spy: Limited Series: Home","2019-10-12"
"The Spy: Limited Series: Fish Gotta Swim","2019-10-12"
"The Spy: Limited Series: The Odd Couples","2019-10-12"
"The Spy: Limited Series: Alone in Damascus","2019-10-12"
"The Spy: Limited Series: What's New, Buenos Aires?","2019-10-12"
"The Spy: Limited Series: The Immigrant","2019-10-12"
"In the Shadow of the Moon","2019-10-12"
"You: Season 1: The Last Nice Guy in New York","2019-10-12"
"Marianne: Season 1: Not an Easy Person","2019-10-12"
"Marianne: Season 1: Tradition","2019-10-11"
"Marianne: Season 1: Your Dreams","2019-10-11"
"You: Season 1: Pilot","2019-10-10"
"Criminal: Spain: Season 1: Carmelo","2019-10-10"
"Criminal: Spain: Season 1: Carmen","2019-10-10"
"1922","2019-09-27"
"Secret City: A Donation to the Struggle","2019-09-22"
"Close","2019-09-22"
"Bloodline: Season 1: Part 1","2019-09-22"
"The Fall: Series 1: Dark Descent","2019-09-13"
"Better Than Us: Season 1: Episode 1","2019-08-29"
"Wu Assassins: Season 1: Drunken Watermelon","2019-08-29"
"Bates Motel: Season 5: The Cord","2019-08-20"
"Bates Motel: Season 5: Visiting Hours","2019-08-08"
"Maria","2019-07-13"
"Bates Motel: Season 5: The Body","2019-07-12"
"Bates Motel: Season 5: Inseparable","2019-07-12"
"Bates Motel: Season 5: Marion","2019-07-11"
"Bates Motel: Season 5: Dreams Die First","2019-07-11"
"Bates Motel: Season 5: Hidden","2019-07-08"
"Bates Motel: Season 5: Bad Blood","2019-07-07"
"Bates Motel: Season 5: The Convergence of the Twain","2019-07-06"
"Bates Motel: Season 5: Dark Paradise","2019-07-06"
"Bates Motel: Season 4: Norman","2019-07-05"
"Bates Motel: Season 4: Forever","2019-07-05"
"Bates Motel: Season 4: Unfaithful","2019-07-05"
"Bates Motel: Season 4: There's No Place Like Home","2019-07-05"
"Bates Motel: Season 4: The Vault","2019-07-04"
"Bates Motel: Season 4: Refraction","2019-07-04"
"Bates Motel: Season 4: Lights of Winter","2019-07-04"
"Bates Motel: Season 4: 'Til Death Do You Part","2019-07-03"
"Bates Motel: Season 4: Goodnight Mother","2019-07-03"
"Bates Motel: Season 4: A Danger to Himself and Others","2019-07-03"
"Bates Motel: Season 3: Unconscious","2019-07-02"
"Bates Motel: Season 3: Crazy","2019-07-02"
"Bates Motel: Season 3: The Pit","2019-07-01"
"Bates Motel: Season 3: The Last Supper","2019-07-01"
"Bates Motel: Season 3: Norma Louise","2019-07-01"
"Bates Motel: Season 3: The Deal","2019-06-30"
"Bates Motel: Season 3: Unbreak-Able","2019-06-29"
"Bates Motel: Season 3: Persuasion","2019-06-29"
"Bates Motel: Season 3: The Arcanum Club","2019-06-29"
"Bates Motel: Season 3: A Death in the Family","2019-06-28"
"Bates Motel: Season 2: The Immutable Truth","2019-06-28"
"Bates Motel: Season 2: The Box","2019-06-28"
"Bates Motel: Season 2: Meltdown","2019-06-27"
"Bates Motel: Season 2: Plunge","2019-06-27"
"Bates Motel: Season 2: Presumed Innocent","2019-06-27"
"Bates Motel: Season 2: The Escape Artist","2019-06-26"
"Bates Motel: Season 2: Check-Out","2019-06-24"
"Bates Motel: Season 2: Caleb","2019-06-23"
"Bates Motel: Season 2: Shadow of a Doubt","2019-06-20"
"Bates Motel: Season 2: Gone But Not Forgotten","2019-06-15"
"Bates Motel: Season 1: Midnight","2019-06-14"
"Bates Motel: Season 1: Underwater","2019-06-08"
"Bates Motel: Season 1: A Boy and His Dog","2019-06-08"
"Bates Motel: Season 1: The Man in Number 9","2019-06-03"
"Bates Motel: Season 1: The Truth","2019-06-03"
"Bates Motel: Season 1: Ocean View","2019-05-29"
"Bates Motel: Season 1: Trust Me","2019-05-29"
"Bates Motel: Season 1: What's Wrong with Norman","2019-05-29"
"Bates Motel: Season 1: Nice Town You Picked, Norma...","2019-05-29"
"Bates Motel: Season 1: First You Dream, Then You Die","2019-05-27"
"Gossip Girl: Season 1: Pilot","2019-05-26"
"Anon","2019-05-26"
"Fauda: Season 1: Episode 1","2019-05-25"
"Avengers: Infinity War","2019-05-14"
"Broadchurch: Season 3: Episode 8","2019-05-11"
"Broadchurch: Season 3: Episode 7","2019-05-11"
"Broadchurch: Season 3: Episode 6","2019-05-04"
"Broadchurch: Season 3: Episode 5","2019-05-04"
"Broadchurch: Season 3: Episode 4","2019-05-04"
"Gotti","2019-04-27"
"Bodyguard: Season 1: Episode 6","2019-04-25"
"Bodyguard: Season 1: Episode 5","2019-04-25"
"Broadchurch: Season 3: Episode 3","2019-04-19"
"Collateral: Limited Series: Episode 4","2019-04-19"
"Bodyguard: Season 1: Episode 4","2019-04-08"
"Bodyguard: Season 1: Episode 3","2019-04-01"
"Bodyguard: Season 1: Episode 2","2019-04-01"
"A Quiet Place","2019-03-17"
"Trump: An American Dream: Season 1: Manhattan","2019-03-17"
"Trump: An American Dream: Season 1: The Gambler","2019-03-17"
"Insatiable: Season 1: Skinny Is Magic","2019-02-24"
"Broadchurch: Season 3: Episode 2","2019-02-23"
"Broadchurch: Season 3: Episode 1","2019-02-23"
"Collateral: Limited Series: Episode 2","2019-02-18"
"Collateral: Limited Series: Episode 1","2019-02-18"
"Insatiable: Season 1: Pilot","2019-01-18"
"Intelligence: Season 1: Pilot","2019-01-10"
"Bodyguard: Season 1: Episode 1","2018-11-10"
"Marcella: Season 1: Episode 2","2018-11-10"
"Marvel's Iron Fist: Season 1: Bar the Big Boss","2018-11-10"
"Marvel's Daredevil: Season 3: No Good Deed","2018-11-10"
"Broadchurch: Season 2: Episode 8","2018-11-10"
"Broadchurch: Season 2: Episode 7","2018-11-10"
"Marvel's Iron Fist: Season 1: Lead Horse Back to Stable","2018-11-07"
"Marvel's Daredevil: Season 3: Please","2018-11-07"
"Marvel's Daredevil: Season 3: Resurrection","2018-10-19"
"Ozark: Season 2: The Gold Coast","2018-10-19"
"Ozark: Season 2: The Badger","2018-10-18"
"Ozark: Season 2: The Big Sleep","2018-10-12"
"Ozark: Season 2: One Way Out","2018-10-12"
"Ozark: Season 2: Outer Darkness","2018-10-07"
"Ozark: Season 2: Game Day","2018-10-07"
"Broadchurch: Season 2: Episode 6","2018-09-29"
"Ozark: Season 2: Stag","2018-09-29"
"The Hitman’s Bodyguard","2018-09-20"
"Broadchurch: Season 2: Episode 5","2018-09-17"
"Like Father","2018-09-16"
"Ozark: Season 2: Once a Langmore...","2018-09-16"
"Ozark: Season 2: The Precious Blood of Jesus","2018-09-16"
"Ozark: Season 2: Reparations","2018-09-01"
"Queen of the South: Season 1: Piloto","2018-08-12"
"Marcella: Season 1: Episode 1","2018-08-12"
"Marvel's The Punisher: Season 1: Kandahar","2018-07-27"
"Marvel's The Punisher: Season 1: Two Dead Men","2018-07-16"
"Elle","2018-06-22"
"Marvel's The Punisher: Season 1: 3AM","2018-06-22"
"Marvel's Jessica Jones: Season 2: AKA I Want Your Cray Cray","2018-06-21"
"Marvel's Jessica Jones: Season 2: AKA Facetime","2018-06-21"
"Marvel's Jessica Jones: Season 2: AKA The Octopus","2018-06-17"
"Broadchurch: Season 2: Episode 4","2018-06-17"
"Gypsy: Season 1: The Commune","2018-06-09"
"The Bridge: Season 2: Episode 8","2018-06-08"
"Longmire: Season 6: Goodbye Is Always Implied","2018-06-01"
"Marvel's The Defenders: Limited Series: Ashes, Ashes","2018-05-30"
"Marvel's Jessica Jones: Season 2: AKA God Help the Hobo","2018-05-27"
"Marvel's Jessica Jones: Season 2: AKA Sole Survivor","2018-05-27"
"Unlocked","2018-05-26"
"The Bridge: Season 2: Episode 7","2018-05-21"
"Broadchurch: Season 2: Episode 3","2018-05-12"
"The Bridge: Season 2: Episode 6","2018-05-09"
"Marvel's Jessica Jones: Season 2: AKA Freak Accident","2018-05-02"
"The Bridge: Season 2: Episode 5","2018-04-28"
"Longmire: Season 6: Running Eagle Challenge","2018-04-27"
"Gypsy: Season 1: 309","2018-04-17"
"Longmire: Season 6: Cowboy Bill","2018-04-14"
"The Bridge: Season 2: Episode 4","2018-04-13"
"The Client List: Season 1: Tough Love","2018-04-09"
"Marvel's The Defenders: Limited Series: The Defenders","2018-04-06"
"Marvel's The Defenders: Limited Series: Fish in the Jailhouse","2018-04-06"
"Longmire: Season 6: Opiates and Antibiotics","2018-03-23"
"Marvel's Jessica Jones: Season 2: AKA Start at the Beginning","2018-03-22"
"The Bridge: Season 2: Episode 3","2018-03-19"
"Broadchurch: Season 2: Episode 2","2018-03-17"
"Doctor Foster: Season 1: Episode 1","2018-03-12"
"The Bridge: Season 2: Episode 2","2018-03-04"
"Longmire: Season 6: No Greater Character Endorsement","2018-02-25"
"Doctor Foster: Season 2: Episode 5","2018-02-15"
"Longmire: Season 6: Burned Up My Tears","2018-02-11"
"Holy Hell","2018-02-03"
"Wild","2018-02-03"
"Doctor Foster: Season 2: Episode 4","2018-02-02"
"Marvel's Daredevil: Season 1: Into the Ring","2018-02-02"
"The Impossible","2018-01-20"
"The Circle","2018-01-19"
"Gypsy: Season 1: Driftwood Lane","2018-01-19"
"Marvel's The Defenders: Limited Series: Take Shelter","2018-01-19"
"Longmire: Season 6: A Thing I'll Never Understand","2018-01-19"
"Doctor Foster: Season 2: Episode 3","2018-01-12"
"Doctor Foster: Season 2: Episode 2","2018-01-12"
"Broadchurch: Season 2: Episode 1","2018-01-02"
"Marvel's The Defenders: Limited Series: Royal Dragon","2018-01-01"
"Gypsy: Season 1: Morgan Stop","2017-12-31"
"Gypsy: Season 1: The Rabbit Hole","2017-12-30"
"Marvel's The Defenders: Limited Series: Worst Behavior","2017-12-30"
"The Client List: Season 1: Turn the Page","2017-12-26"
"Jack Reacher: Never Go Back","2017-12-23"
"Doctor Foster: Season 2: Episode 1","2017-12-22"
"The Bridge: Season 2: Episode 1","2017-12-21"
"Longmire: Season 6: Thank You, Victoria","2017-12-17"
"Longmire: Season 6: Fever","2017-12-16"
"Longmire: Season 6: The Eagle and the Osprey","2017-11-29"
"Marvel's The Defenders: Limited Series: Mean Right Hook","2017-10-24"
"Marvel's The Defenders: Limited Series: The H Word","2017-10-18"
"Ozark: Season 1: The Toll","2017-10-08"
"Ozark: Season 1: Coffee, Black","2017-10-05"
"Ozark: Season 1: Kaleidoscope","2017-10-05"
"Ozark: Season 1: Nest Box","2017-09-21"
"Ozark: Season 1: Book of Ruth","2017-08-29"
"Ozark: Season 1: Ruling Days","2017-08-27"
"Ozark: Season 1: Tonight We Improvise","2017-08-20"
"Ozark: Season 1: My Dripping Sleep","2017-08-20"
"Ozark: Season 1: Blue Cat","2017-08-20"
"Ozark: Season 1: Sugarwood","2017-07-29"
"Marvel's Iron Fist: Season 1: Black Tiger Steals Heart","2017-07-11"
"GLOW: Season 1: Pilot","2017-06-29"
"Jesus Camp","2017-06-17"
"Marvel's Iron Fist: Season 1: The Mistress of All Agonies","2017-06-17"
"Marvel's Iron Fist: Season 1: The Blessing of Many Fractures","2017-06-02"
"Come and Find Me","2017-05-24"
"The Client List: Season 1: The Rub of Sugar Land","2017-05-24"
"Marvel's Iron Fist: Season 1: Felling Tree with Roots","2017-05-24"
"Marvel's Iron Fist: Season 1: Immortal Emerges from Cave","2017-05-23"
"Marvel's Iron Fist: Season 1: Under Leaf Pluck Lotus","2017-05-22"
"Ingobernable: Season 1: The Decision","2017-05-22"
"Marvel's Iron Fist: Season 1: Eight Diagram Dragon Palm","2017-05-16"
"Marvel's Iron Fist: Season 1: Rolling Thunder Cannon Punch","2017-05-14"
"Marvel's Luke Cage: Season 1: Moment of Truth","2017-05-14"
"Marvel's Iron Fist: Season 1: Shadow Hawk Takes Flight","2017-04-22"
"Marvel's Iron Fist: Season 1: Snow Gives Way","2017-04-20"
"Marvel's Luke Cage: Season 1: You Know My Steez","2017-04-19"
"Marvel's Luke Cage: Season 1: Soliloquy of Chaos","2017-04-17"
"Marvel's Luke Cage: Season 1: Now You're Mine","2017-04-12"
"Marvel's Luke Cage: Season 1: Take It Personal","2017-04-10"
"Riverdale: Season 1: Chapter One: The River's Edge","2017-04-09"
"Dave Chappelle: Collection: The Age of Spin: Dave Chappelle Live at The Hollywood Palladium","2017-04-09"
"Marvel's Luke Cage: Season 1: DWYCK","2017-04-04"
"Marvel's Luke Cage: Season 1: Blowin' Up the Spot","2017-04-04"
"Marvel's Luke Cage: Season 1: Manifest","2017-04-01"
"Marvel's Luke Cage: Season 1: Suckas Need Bodyguards","2017-03-22"
"Marvel's Luke Cage: Season 1: Just to Get a Rep","2017-03-17"
"American Gangster","2017-03-15"
"The Fall: Series 3: Their Solitary Way","2017-03-01"
"Head 2 Head: Season 1: 2015 Chevrolet Corvette Z06 vs. 2016 Dodge Viper ACR","2017-02-24"
"Top Gear: Series 18: Episode 2","2017-02-24"
"Top Gear: Series 18: Episode 1","2017-02-24"
"Marvel's Luke Cage: Season 1: Step in the Arena","2017-02-18"
"Marvel's Luke Cage: Season 1: Who's Gonna Take the Weight?","2017-02-10"
"The Fall: Series 3: Wounds of Deadly Hate","2017-02-08"
"A Series of Unfortunate Events: Season 1: The Bad Beginning: Part One","2017-02-04"
"The Fall: Series 3: The Hell Within Him","2017-01-25"
"The Fall: Series 3: The Gates of Light","2017-01-17"
"The Fall: Series 3: His Troubled Thoughts","2017-01-12"
"Daddy's Home","2017-01-06"
"Better Call Saul: Season 1: Uno","2017-01-06"
"Jane Got a Gun","2017-01-06"
"Michael Che Matters","2017-01-05"
"John Wick","2017-01-05"
"Ferris Bueller's Day Off","2016-12-31"
"The Fall: Series 3: Silence and Suffering","2016-12-26"
"The Fall: Series 2: What Is in Me Dark Illumine","2016-12-25"
"Marvel's Luke Cage: Season 1: Code of the Streets","2016-12-21"
"The OA: Part I: Chapter 1: Homecoming","2016-12-19"
"Zach Galifianakis: Live at the Purple Onion","2016-12-10"
"Longmire: Season 5: The Stuff Dreams Are Made Of","2016-12-08"
"Longmire: Season 5: Continual Soiree","2016-12-08"
"Longmire: Season 5: Stand Your Ground","2016-11-25"
"Longmire: Season 5: From This Day Forward","2016-11-21"
"Longmire: Season 5: Objection","2016-11-09"
"Longmire: Season 5: Pure Peckinpah","2016-11-05"
"Quantico: Season 1: America","2016-11-04"
"Quantico: Season 1: Run","2016-11-04"
"Stranger Things - Motion Video - 1loop","2016-10-25"
"Mascots - Motion Video - 1loop","2016-10-22"
"Longmire: Season 5: The Judas Wolf","2016-10-21"
"Breaking Bad: Season 5: Felina","2016-10-14"
"Breaking Bad: Season 5: Granite State","2016-10-14"
"Breaking Bad: Season 5: Ozymandias","2016-10-14"
"Breaking Bad: Season 5: To'hajiilee","2016-10-11"
"Breaking Bad: Season 5: Rabid Dog","2016-10-11"
"Breaking Bad: Season 5: Confessions","2016-10-10"
"Breaking Bad: Season 5: Buried","2016-10-08"
"Breaking Bad: Season 5: Blood Money","2016-10-08"
"Breaking Bad: Season 5: Gliding Over All","2016-10-08"
"Longmire: Season 5: Chrysalis","2016-10-06"
"Breaking Bad: Season 5: Say My Name","2016-10-02"
"Breaking Bad: Season 5: Buyout","2016-10-01"
"Breaking Bad: Season 5: Dead Freight","2016-09-30"
"Longmire: Season 5: One Good Memory","2016-09-30"
"Longmire: Season 5: A Fog That Won't Lift","2016-09-30"
"Breaking Bad: Season 5: Fifty-One","2016-09-28"
"Breaking Bad: Season 5: Hazard Pay","2016-09-26"
"Breaking Bad: Season 5: Madrigal","2016-09-25"
"Breaking Bad: Season 5: Live Free Or Die","2016-09-24"
"Breaking Bad: Season 4: Face Off","2016-09-23"
"Breaking Bad: Season 4: End Times","2016-09-22"
"Inception","2016-09-20"
"The Get Down: Part 1: Where There Is Ruin, There Is Hope for a Treasure","2016-09-20"
"Breaking Bad: Season 4: Crawl Space","2016-09-19"
"Breaking Bad: Season 4: Salud","2016-09-18"
"Breaking Bad: Season 4: Bug","2016-09-17"
"Colonia","2016-09-17"
"The Driver: Season 1: Episode 1","2016-09-17"
"Cartel Land","2016-09-17"
"Weeds: Season 5: A Distinctive Horn","2016-09-17"
"Breaking Bad: Season 4: Hermanos","2016-09-15"
"Breaking Bad: Season 4: Problem Dog","2016-09-14"
"Breaking Bad: Season 4: Cornered","2016-09-12"
"Breaking Bad: Season 4: Shotgun","2016-09-11"
"Breaking Bad: Season 4: Bullet Points","2016-09-01"
"Breaking Bad: Season 4: Open House","2016-08-31"
"Breaking Bad: Season 4: Thirty-Eight Snub","2016-08-30"
"Breaking Bad: Season 4: Box Cutter","2016-08-29"
"Breaking Bad: Season 3: Full Measure","2016-08-27"
"Breaking Bad: Season 3: Half Measures","2016-08-27"
"Breaking Bad: Season 3: Abiquiu","2016-08-26"
"Breaking Bad: Season 3: Fly","2016-08-26"
"Breaking Bad: Season 3: Kafkaesque","2016-08-24"
"House of Cards: Season 4: Chapter 52","2016-07-30"
"House of Cards: Season 4: Chapter 51","2016-07-27"
"House of Cards: Season 4: Chapter 50","2016-07-26"
"Luther: Series 1: Episode 1","2016-07-25"
"Wentworth: Season 1: No Place Like Home","2016-07-25"
"Hell on Wheels: Season 5: Mei Mei","2016-07-25"
"House of Cards: Season 4: Chapter 49","2016-07-25"
"House of Cards: Season 4: Chapter 48","2016-07-23"
"House of Cards: Season 4: Chapter 47","2016-07-22"
"House of Cards: Season 4: Chapter 46","2016-07-20"
"Hell on Wheels: Season 5: Chinatown","2016-07-19"
"House of Cards: Season 4: Chapter 45","2016-07-19"
"House of Cards: Season 4: Chapter 44","2016-07-18"
"House of Cards: Season 4: Chapter 43","2016-07-18"
"House of Cards: Season 4: Chapter 42","2016-07-17"
"House of Cards: Season 4: Chapter 41","2016-07-17"
"Mad Men: Season 3: The Color Blue","2016-06-26"
"Doctor Foster: Season 1: Episode 5","2016-06-15"
"Doctor Foster: Season 1: Episode 4","2016-06-13"
"Doctor Foster: Season 1: Episode 3","2016-06-11"
"Doctor Foster: Season 1: Episode 2","2016-06-10"
"Sense8: Season 1: Limbic Resonance","2016-06-07"
"Marvel's Daredevil: Season 2: A Cold Day in Hell's Kitchen","2016-06-03"
"Marvel's Daredevil: Season 2: The Dark at the End of the Tunnel","2016-06-02"
"Marvel's Daredevil: Season 2: .380","2016-06-01"
"Marvel's Daredevil: Season 2: The Man in the Box","2016-05-31"
"Marvel's Daredevil: Season 2: Seven Minutes in Heaven","2016-05-29"
"Marvel's Daredevil: Season 2: Guilty as Sin","2016-05-28"
"Marvel's Daredevil: Season 2: Semper Fidelis","2016-05-28"
"Marvel's Daredevil: Season 2: Regrets Only","2016-05-22"
"Marvel's Daredevil: Season 2: Kinbaku","2016-05-21"
"Marvel's Daredevil: Season 2: Penny and Dime","2016-05-21"
"Marvel's Daredevil: Season 2: New York's Finest","2016-05-18"
"Marvel's Daredevil: Season 2: Dogs to a Gunfight","2016-05-16"
"House of Cards: Season 4: Chapter 40","2016-05-14"
"House of Cards: Season 3: Chapter 39","2016-05-14"
"Ali Wong: Baby Cobra","2016-05-14"
"Marvel's Daredevil: Season 2: Bang","2016-05-13"
"Marvel's Daredevil: Season 1: Daredevil","2016-05-13"
"Marvel's Daredevil: Season 1: The Ones We Leave Behind","2016-05-12"
"Marvel's Daredevil: Season 1: The Path of the Righteous","2016-05-10"
"Marvel's Daredevil: Season 1: Nelson v. Murdock","2016-05-06"
"Marvel's Daredevil: Season 1: Speak of the Devil","2016-05-05"
"Marvel's Daredevil: Season 1: Shadows in the Glass","2016-05-04"
"Marvel's Daredevil: Season 1: Stick","2016-05-02"
"Marvel's Daredevil: Season 1: Condemned","2016-04-30"
"Marvel's Daredevil: Season 1: World On Fire","2016-04-26"
"Marvel's Daredevil: Season 1: In the Blood","2016-04-19"
"Marvel's Daredevil: Season 1: Rabbit in a Snowstorm","2016-04-16"
"Marvel's Daredevil: Season 1: Cut Man","2016-04-15"
"Silk: Series 1: Episode 1","2016-04-11"
"Serenity","2016-04-11"
"Broadchurch: Season 1: Episode 8","2016-04-09"
"Broadchurch: Season 1: Episode 7","2016-04-08"
"Broadchurch: Season 1: Episode 6","2016-04-04"
"Broadchurch: Season 1: Episode 5","2016-04-03"
"Marvel's Jessica Jones: Season 1: AKA Smile","2016-04-03"
"Broadchurch: Season 1: Episode 4","2016-03-29"
"Broadchurch: Season 1: Episode 3","2016-03-28"
"Broadchurch: Season 1: Episode 2","2016-03-28"
"Lila & Eve","2016-03-19"
"Test Patterns: Season 1: Multipurpose Chart: 3840x2160: 50 fps / 25 fps","2016-03-19"
"Marco Polo: Season 1: The Wayfarer","2016-03-19"
"Suits: Season 3: She's Mine","2016-03-19"
"Marvel's Jessica Jones: Season 1: AKA Take a Bloody Number","2016-03-19"
"Marvel's Jessica Jones: Season 1: AKA I've Got the Blues","2016-03-19"
"Longmire: Season 4: What Happens on the Rez...","2016-03-13"
"Longmire: Season 4: Shotgun","2016-02-19"
"Hell on Wheels: Season 4: Further West","2016-02-09"
"Marvel's Jessica Jones: Season 1: AKA 1,000 Cuts","2016-02-05"
"Suits: Season 3: The Other Time","2016-01-31"
"Biggie & Tupac","2016-01-29"
"Longmire: Season 4: Hector Lives","2016-01-29"
"Marvel's Jessica Jones: Season 1: AKA Sin Bin","2016-01-20"
"Grace and Frankie: Season 1: The Vows","2016-01-09"
"Grace and Frankie: Season 1: The Secrets","2016-01-09"
"Grace and Frankie: Season 1: The Bachelor Party","2016-01-09"
"Longmire: Season 4: Highway Robbery","2016-01-08"
"Marvel's Jessica Jones: Season 1: AKA WWJD?","2016-01-05"
"Marvel's Jessica Jones: Season 1: AKA Top Shelf Perverts","2016-01-05"
"Grace and Frankie: Season 1: The Elevator","2016-01-04"
"Grace and Frankie: Season 1: The Invitation","2016-01-04"
"Navy SEALs: Their Untold Story","2016-01-03"
"Grace and Frankie: Season 1: The Sex","2016-01-02"
"Grace and Frankie: Season 1: The Spelling Bee","2016-01-02"
"Grace and Frankie: Season 1: The Earthquake","2016-01-02"
"Grace and Frankie: Season 1: The Fall","2016-01-02"
"Grace and Frankie: Season 1: The Funeral","2016-01-02"
"Grace and Frankie: Season 1: The Dinner","2016-01-02"
"Grace and Frankie: Season 1: The Credit Cards","2016-01-02"
"Life's Too Short: Series 1: Episode 1","2016-01-02"
"Grace and Frankie: Season 1: The End","2016-01-02"
"Suits: Season 3: Shadow of a Doubt","2015-12-17"
"Longmire: Season 4: The Calling Back","2015-12-09"
"Marvel's Jessica Jones: Season 1: AKA You're a Winner!","2015-12-09"
"Marvel's Jessica Jones: Season 1: AKA The Sandwich Saved Me","2015-12-04"
"V for Vendetta","2015-12-01"
"Marvel's Jessica Jones: Season 1: AKA 99 Friends","2015-11-28"
"Longmire: Season 4: Help Wanted","2015-11-28"
"Marvel's Jessica Jones: Season 1: AKA It's Called Whiskey","2015-11-27"
"Marvel's Jessica Jones: Season 1: AKA Crush Syndrome","2015-11-25"
"Suits: Season 3: Conflict of Interest","2015-11-24"
"Hell on Wheels: Season 4: Thirteen Steps","2015-11-20"
"Once Upon a Time: Season 1: Dreamy","2015-11-20"
"Marvel's Jessica Jones: Season 1: AKA Ladies Night","2015-11-20"
"Hell on Wheels: Season 4: Bleeding Kansas","2015-11-04"
"Once Upon a Time: Season 1: What Happened to Frederick","2015-11-02"
"Longmire: Season 4: Four Arrows","2015-11-01"
"Suits: Season 3: Unfinished Business","2015-11-01"
"The Guardian: Season 1: Mothers of the Disappeared","2015-10-29"
"Suits: Season 3: The Arrangement","2015-10-29"
"Suits: Season 3: I Want You to Want Me","2015-10-28"
"Longmire: Season 4: High Noon","2015-10-24"
"Hell on Wheels: Season 4: Return to Hell","2015-10-23"
"Broadchurch: Season 1: Episode 1","2015-10-22"
"Salamander: Season 1: Episode 1","2015-10-21"
"The Bridge: Season 1: Episode 10","2015-10-21"
"Once Upon a Time: Season 1: Skin Deep","2015-10-21"
"Hell on Wheels: Season 4: Two Trains","2015-10-14"
"Covert Affairs: Season 1: Fool in the Rain","2015-10-12"
"Scream: Season 1: Pilot","2015-10-10"
"Suits: Season 2: War","2015-10-06"
"The Guardian: Season 1: The Divide","2015-10-06"
"Longmire: Season 4: War Eagle","2015-10-06"
"Hell on Wheels: Season 4: Under Color of Law","2015-10-01"
"Suits: Season 2: Normandy","2015-10-01"
"Strange Empire: Season 1: Buckskin Princess","2015-10-01"
"Strange Empire: Season 1: The Hunting Party","2015-09-28"
"Hell on Wheels: Season 4: Elam Ferguson","2015-09-25"
"Longmire: Season 4: Down by the River","2015-09-24"
"Suits: Season 2: He's Back","2015-09-23"
"Suits: Season 2: Zane Vs. Zane","2015-09-16"
"Covert Affairs: Season 1: What Is and What Should Never Be","2015-09-15"
"The Guardian: Season 1: Solidarity","2015-09-15"
"Hell on Wheels: Season 4: Bear Man","2015-09-13"
"Hell on Wheels: Season 4: Life's a Mystery","2015-09-03"
"Suits: Season 2: Blood in the Water","2015-08-29"
"Hell on Wheels: Season 4: Reckoning","2015-08-29"
"The Guardian: Season 1: In Loco Parentis","2015-08-29"
"House of Cards: Season 3: Chapter 37","2015-08-14"
"Hell on Wheels: Season 4: Chicken Hill","2015-08-14"
"Suits: Season 2: Blind-Sided","2015-08-14"
"The Guardian: Season 1: Family","2015-08-13"
"Suits: Season 2: High Noon","2015-08-08"
"City of God","2015-08-07"
"Wet Hot American Summer: First Day of Camp: Season 1: Campers Arrive","2015-08-07"
"Longmire: Season 3: Ashes to Ashes","2015-08-01"
"House of Cards: Season 3: Chapter 36","2015-07-30"
"House of Cards: Season 3: Chapter 35","2015-07-27"
"House of Cards: Season 3: Chapter 34","2015-07-26"
"Longmire: Season 3: Counting Coup","2015-07-25"
"House of Cards: Season 3: Chapter 33","2015-07-25"
"House of Cards: Season 3: Chapter 32","2015-07-25"
"Hell on Wheels: Season 4: Escape from the Garden","2015-07-25"
"House of Cards: Season 3: Chapter 31","2015-07-24"
"House of Cards: Season 3: Chapter 30","2015-07-24"
"The Guardian: Season 1: Privilege","2015-07-24"
"House of Cards: Season 3: Chapter 29","2015-07-22"
"Suits: Season 2: Asterisk","2015-07-17"
"House of Cards: Season 3: Chapter 28","2015-07-12"
"Pulp Fiction","2015-07-11"
"Longmire: Season 3: Harvest","2015-07-10"
"Hell on Wheels: Season 4: The Elusive Eden","2015-07-10"
"Hell on Wheels: Season 1: Revelations","2015-07-10"
"House of Cards: Season 3: Chapter 27","2015-07-08"
"Longmire: Season 3: Population 25","2015-07-07"
"Suits: Season 2: Rewind","2015-07-06"
"House of Cards: Season 2: Chapter 26","2015-07-03"
"Dicte: Season 1: Violence and Power - Part 2","2015-06-30"
"The Guardian: Season 1: Causality","2015-06-29"
"Longmire: Season 3: Reports of My Death","2015-06-27"
"Suits: Season 2: Sucker Punch","2015-06-25"
"Kevin Hart: Laugh at My Pain","2015-06-19"
"Kevin Hart: Seriously Funny","2015-06-19"
"Kevin Hart: Let Me Explain","2015-06-19"
"The Legend","2015-06-19"
"Longmire: Season 3: Wanted Man","2015-06-18"
"Suits: Season 2: All In","2015-06-12"
"Longmire: Season 3: In the Pines","2015-06-12"
"Dicte: Season 1: Violence and Power - Part 1","2015-06-02"
"Longmire: Season 3: Miss Cheyenne","2015-05-22"
"Suits: Season 2: Break Point","2015-05-21"
"Badges of Fury","2015-05-16"
"Fist of Legend","2015-05-16"
"The Defender","2015-05-16"
"Dicte: Season 1: Life and Body - Part 2","2015-05-15"
"Suits: Season 2: Discovery","2015-05-14"
"Longmire: Season 3: Of Children and Travelers","2015-05-13"
"Longmire: Season 3: The White Warrior","2015-05-05"
"Archer: Season 4: Once Bitten","2015-05-05"
"Archer: Season 4: Viscous Coupling","2015-05-05"
"Chris D'Elia: Incorrigible","2015-04-30"
"Archer: Season 4: Midnight Ron","2015-04-24"
"Suits: Season 2: Meet the New Boss","2015-04-24"
"Archer: Season 4: Legs","2015-04-24"
"Archer: Season 4: The Wind Cries Mary","2015-04-23"
"Archer: Season 4: Fugue and Riffs","2015-04-22"
"Archer: Season 3: Space Race, Part 2","2015-04-22"
"Archer: Season 3: Space Race, Part 1","2015-04-22"
"Archer: Season 3: Skin Game","2015-04-22"
"Archer: Season 3: Crossing Over","2015-04-22"
"Archer: Season 3: Bloody Ferlin","2015-04-22"
"Archer: Season 3: Lo Scandalo","2015-04-21"
"Archer: Season 3: Drift Problem","2015-04-21"
"Archer: Season 3: The Limited","2015-04-21"
"Archer: Season 3: El Contador","2015-04-21"
"Archer: Season 3: The Man from Jupiter","2015-04-21"
"Archer: Season 3: Heart of Archness, Part 3","2015-04-18"
"Archer: Season 3: Heart of Archness, Part 2","2015-04-18"
"Archer: Season 3: Heart of Archness, Part 1","2015-04-18"
"Taking Lives","2015-04-18"
"Sin City: A Dame to Kill For","2015-04-18"
"Archer: Season 2: Double Trouble","2015-04-17"
"Archer: Season 2: White Nights","2015-04-17"
"Archer: Season 2: Jeu Monégasque","2015-04-17"
"Archer: Season 2: El Secuestro","2015-04-16"
"Archer: Season 2: Placebo Effect","2015-04-16"
"Archer: Season 2: Stage Two","2015-04-15"
"Archer: Season 2: Movie Star","2015-04-15"
"Archer: Season 2: Tragical History","2015-04-15"
"Archer: Season 2: The Double Deuce","2015-04-15"
"Dicte: Season 1: Life and Body - Part 1","2015-04-14"
"Archer: Season 2: Pipeline Fever","2015-04-14"
"Archer: Season 2: Blood Test","2015-04-13"
"Archer: Season 2: A Going Concern","2015-04-12"
"Archer: Season 2: Swiss Miss","2015-04-11"
"Archer: Season 1: Dial M for Mother","2015-04-11"
"Archer: Season 1: Job Offer","2015-04-10"
"Archer: Season 1: The Rock","2015-04-10"
"The Guardian: Season 1: Home","2015-04-10"
"Suits: Season 2: The Choice","2015-04-10"
"Suits: Season 2: She Knows","2015-04-10"
"Archer: Season 1: Skytanic","2015-04-08"
"Archer: Season 1: Skorpio","2015-04-08"
"Archer: Season 1: Honeypot","2015-04-08"
"Dicte: Season 1: Hidden Defects - Part 2","2015-04-07"
"Archer: Season 1: Killing Utne","2015-04-06"
"Archer: Season 1: Diversity Hire","2015-04-06"
"Archer: Season 1: Training Day","2015-04-06"
"The Guardian: Season 1: Loyalties","2015-04-06"
"Bob's Burgers: Season 1: Human Flesh","2015-04-06"
"Archer: Season 1: Pilot: Mole Hunt","2015-04-06"
"Archer: Season 5: Archer Vice: Arrival / Departure","2015-04-06"
"Archer: Season 5: Archer Vice: Filibuster","2015-04-05"
"Archer: Season 5: Archer Vice: Palace Intrigue: Part II","2015-04-05"
"Archer: Season 5: Archer Vice: Palace Intrigue: Part I","2015-04-05"
"Archer: Season 5: Archer Vice: On The Carpet","2015-04-04"
"Archer: Season 5: Archer Vice: The Rules of Extraction","2015-04-04"
"Archer: Season 5: Archer Vice: Smugglers' Blues","2015-04-04"
"Archer: Season 5: Archer Vice: Baby Shower","2015-04-03"
"Archer: Season 5: Archer Vice: Southbound and Down","2015-04-03"
"Archer: Season 5: Archer Vice: House Call","2015-04-03"
"Covert Affairs: Season 1: Communication Breakdown","2015-04-03"
"Archer: Season 5: Archer Vice: A Debt of Honor","2015-04-02"
"Archer: Season 5: Archer Vice: A Kiss While Dying","2015-04-02"
"Archer: Season 5: Archer Vice: White Elephant","2015-04-02"
"Archer: Season 4: Sea Tunt: Part II","2015-04-01"
"The Guardian: Season 1: The Funnies","2015-03-31"
"Archer: Season 4: Sea Tunt: Part I","2015-03-31"
"Archer: Season 4: The Papal Chase","2015-03-30"
"Archer: Season 4: Un Chien Tangerine","2015-03-29"
"Archer: Season 4: The Honeymooners","2015-03-29"
"Archer: Season 4: Coyote Lovely","2015-03-29"
"Archer: Season 4: Live and Let Dine","2015-03-29"
"Dicte: Season 1: Hidden Defects - Part 1","2015-03-25"
"Suits: Season 1: Dog Fight","2015-03-24"
"The Guardian: Season 1: Heart","2015-03-24"
"Dicte: Season 1: Deductible - Part 2","2015-03-23"
"The Guardian: Season 1: Feeding Frenzy","2015-03-13"
"Dicte: Season 1: Deductible - Part 1","2015-03-11"
"Dicte: Season 1: Personal - Part 2","2015-03-08"
"The Guardian: Season 1: Indian Summer","2015-03-03"
"Once Upon a Time: Season 1: Fruit of the Poisonous Tree","2015-03-03"
"Suits: Season 1: Rules of the Game","2015-03-02"
"Longmire: Season 2: Bad Medicine","2015-02-28"
"The Guardian: Season 1: The Men from the Boys","2015-02-27"
"Covert Affairs: Season 1: Houses of the Holy","2015-02-24"
"Longmire: Season 2: A Good Death Is Hard to Find","2015-02-23"
"Longmire: Season 2: Natural Order","2015-02-10"
"The Fall: Series 2: The Perilous Edge of Battle","2015-02-08"
"Longmire: Season 2: Election Day","2015-02-08"
"Dicte: Season 1: Personal - Part 1","2015-02-05"
"The Fall: Series 2: The Mind is its Own Place","2015-02-03"
"Covert Affairs: Season 1: In the Light","2015-02-01"
"Suits: Season 1: The Shelf Life","2015-01-31"
"The Fall: Series 2: Beauty Hath Strange Power","2015-01-30"
"Longmire: Season 2: Tuscan Red","2015-01-28"
"The Guardian: Season 1: Lolita?","2015-01-28"
"The Fall: Series 2: Night Darkens the Street","2015-01-26"
"The Fall: Series 2: These Troublesome Disguises","2015-01-26"
"Once Upon a Time: Season 1: 7:15 A.M.","2015-01-22"
"Longmire: Season 2: The Great Spirit","2015-01-20"
"Suits: Season 1: Undefeated","2015-01-17"
"Once Upon a Time: Season 1: True North","2015-01-17"
"Longmire: Season 2: Sound and Fury","2015-01-17"
"The Guardian: Season 1: Paternity","2015-01-16"
"The 100: Season 1: Earth Skills","2015-01-16"
"The 100: Season 1: Pilot","2015-01-12"
"Downton Abbey: Series 1: Episode 1","2015-01-10"
"Suits: Season 1: Identity Crisis","2015-01-09"
"Canterbury's Law: The Complete Series: Pilot","2015-01-09"
"The Guardian: Season 1: Reunion","2015-01-09"
"Once Upon a Time: Season 1: Desperate Souls","2015-01-07"
"The Guardian: Season 1: Pilot","2015-01-07"
"Suits: Season 1: Play the Man","2015-01-03"
"Anna","2015-01-03"
"Longmire: Season 2: Tell It Slant","2015-01-02"
"Suits: Season 1: Tricks of the Trade","2014-12-20"
"The Mindy Project: Season 2: Danny Castellano Is My Personal Trainer","2014-12-13"
"Suits: Season 1: Bail Out","2014-12-10"
"Covert Affairs: Season 1: No Quarter","2014-12-10"
"Longmire: Season 2: Party's Over","2014-12-09"
"Once Upon a Time: Season 1: The Heart Is a Lonely Hunter","2014-12-08"
"Longmire: Season 2: The Road to Hell","2014-12-05"
"Suits: Season 1: Dirty Little Secrets","2014-12-02"
"Once Upon a Time: Season 1: The Shepherd","2014-12-02"
"Covert Affairs: Season 1: South Bound Suarez","2014-11-28"
"Suits: Season 1: Inside Track","2014-11-18"
"Covert Affairs: Season 1: Walter's Walk","2014-11-08"
"The Wolf of Wall Street","2014-11-07"
"Once Upon a Time: Season 1: That Still Small Voice","2014-11-06"
"Once Upon a Time: Season 1: The Price of Gold","2014-11-05"
"Longmire: Season 2: Death Came in Like Thunder","2014-11-03"
"Covert Affairs: Season 1: Pilot","2014-11-01"
"Suits: Season 1: Errors and Omissions","2014-10-31"
"Suits: Season 1: Pilot Part 1 & 2","2014-10-31"
"Wallander: Series 1: Sidetracked","2014-10-24"
"Cleanskin","2014-10-22"
"Oldboy","2014-10-22"
"Longmire: Season 2: Carcasses","2014-10-20"
"Once Upon a Time: Season 1: Snow Falls","2014-10-19"
"Jim Jefferies : BARE","2014-10-17"
"Jay Mohr: Funny For a Girl","2014-10-17"
"A Prophet","2014-10-17"
"Longmire: Season 2: Unquiet Mind","2014-10-15"
"Once Upon a Time: Season 1: The Thing You Love Most","2014-10-14"
"Once Upon a Time: Season 1: Pilot","2014-10-10"
"Breaking Bad: Season 2: Mandala","2014-10-07"
"Breaking Bad: Season 2: Over","2014-10-07"
"Mongol","2014-10-05"
"Longmire: Season 1: Unfinished Business","2014-10-04"
"Longmire: Season 1: Dogs, Horses and Indians","2014-09-29"
"Longmire: Season 1: An Incredibly Beautiful Thing","2014-09-29"
"Longmire: Season 1: 8 Seconds","2014-09-29"
"The Shield: Season 1: Pilot","2014-09-20"
"Inside: Pepsico","2014-09-20"
"Longmire: Season 1: The Worst Kind of Hunter","2014-09-18"
"Longmire: Season 1: Dog Soldier","2014-09-15"
"Longmire: Season 1: The Cancer","2014-09-13"
"Longmire: Season 1: A Damn Shame","2014-09-13"
"Longmire: Season 1: The Dark Road","2014-09-12"
"Longmire: Season 1: Pilot","2014-09-08"
"Good Morning, Vietnam","2014-09-03"
"Dragons' Den: Season 6: Episode 18","2014-09-02"
"Dragons' Den: Season 6: Episode 17","2014-09-01"
"Hell on Wheels: Season 1: Pride, Pomp and Circumstance","2014-08-29"
"Hell on Wheels: Season 1: Bread and Circuses","2014-08-29"
"Hell on Wheels: Season 1: Jamais je ne T'oublierai","2014-08-29"
"Hell on Wheels: Season 1: A New Birth of Freedom","2014-08-29"
"Hell on Wheels: Season 1: Immoral Mathematics","2014-08-29"
"Hell on Wheels: Season 1: Pilot","2014-08-29"
"Doctor Who: Season 1: Rose","2014-08-29"
"House of Cards: Season 1: Chapter 1","2014-08-28"
"Dragons' Den: Season 6: Episode 16","2014-08-26"
"Dragons' Den: Season 6: Episode 11","2014-08-22"
"Hell on Wheels: Season 3: Get Behind The Mule","2014-08-22"
"Hell on Wheels: Season 3: Fathers and Sins","2014-08-22"
"Hell on Wheels: Season 3: It Happened in Boston","2014-08-21"
"Dragons' Den: Season 6: Episode 9","2014-08-18"
"Hell on Wheels: Season 3: Cholera","2014-08-18"
"Hell on Wheels: Season 3: One Less Mule","2014-08-13"
"Dragons' Den: Season 6: Episode 3","2014-08-12"
"The Killing: Season 2: Keylela","2014-08-12"
"Hell on Wheels: Season 3: Searchers","2014-08-12"
"Hell on Wheels: Season 3: The Game","2014-08-11"
"Red vs. Blue: Volume 2: The Blood Gulch Chronicles: Vol. 2","2014-08-10"
"Hell on Wheels: Season 3: Range War","2014-08-08"
"How I Met Your Mother: Season 8: The Pre-Nup","2014-08-08"
"How I Met Your Mother: Season 7: Karma","2014-08-06"
"Hell on Wheels: Season 3: Eminent Domain","2014-08-06"
"How I Met Your Mother: Season 7: Tailgate","2014-08-05"
"How I Met Your Mother: Season 7: The Naked Truth","2014-08-04"
"Brooklyn Nine-Nine: Season 1: The Tagger","2014-08-04"
"Brooklyn Nine-Nine: Season 1: Pilot","2014-08-04"
"Hell on Wheels: Season 3: Big Bad Wolf","2014-08-04"
"The Bridge: Season 1: Episode 9","2014-07-24"
"The Bridge: Season 1: Episode 8","2014-07-18"
"The Bridge: Season 1: Episode 7","2014-07-16"
"The Bridge: Season 1: Episode 6","2014-07-14"
"House of Cards: Season 2: Chapter 25","2014-07-12"
"The Bridge: Season 1: Episode 5","2014-07-12"
"House of Cards: Season 2: Chapter 24","2014-07-11"
"House of Cards: Season 2: Chapter 23","2014-07-10"
"The Bridge: Season 1: Episode 4","2014-07-10"
"House of Cards: Season 2: Chapter 22","2014-07-07"
"Community: Season 1: Community","2014-07-06"
"House of Cards: Season 2: Chapter 21","2014-07-06"
"House of Cards: Season 2: Chapter 20","2014-07-04"
"The Bridge: Season 1: Episode 3","2014-07-03"
"The Bridge: Season 1: Episode 2","2014-07-03"
"The Bridge: Season 1: Episode 1","2014-07-03"
"House of Cards: Season 2: Chapter 19","2014-06-30"
"Chuck: Season 1: Pilot","2014-06-28"
"Fringe: Season 1: Pilot","2014-06-28"
"Runner Runner","2014-06-28"
"The Fall: Series 1: The Vast Abyss","2014-06-28"
"House of Cards: Season 2: Chapter 18","2014-06-27"
"House of Cards: Season 2: Chapter 17","2014-06-27"
"The Fall: Series 1: My Adventurous Song","2014-06-27"
"House of Cards: Season 2: Chapter 16","2014-06-26"
"The Fall: Series 1: Insolence & Wine","2014-06-25"
"The Fall: Series 1: Darkness Visible","2014-06-25"
"Orange Is the New Black: Season 1: Tall Men with Feelings","2014-06-23"
"House of Cards: Season 2: Chapter 15","2014-06-22"
"House of Cards: Season 2: Chapter 14","2014-06-20"
"Weeds: Season 5: Where the Sidewalk Ends","2014-06-20"
"Weeds: Season 5: A Modest Proposal","2014-06-18"
"Weeds: Season 5: Van Nuys","2014-06-12"
"Pain & Gain","2014-06-06"
"Weeds: Season 5: Super Lucky Happy","2014-06-06"
"Weeds: Season 5: Su-Su-Sucio","2014-06-03"
"Weeds: Season 5: Machetes Up Top","2014-05-20"
"Weeds: Season 5: Wonderful Wonderful","2014-05-15"
"An Inconvenient Truth","2014-05-14"
"Weeds: Season 4: If You Work for a Living, Why Do You Kill Yourself Working?","2014-05-08"
"Justified: Season 2: Bloody Harlan","2014-04-19"
"Justified: Season 2: Reckoning","2014-04-19"
"Justified: Season 2: Full Commitment","2014-04-16"
"Justified: Season 2: Debts and Accounts","2014-04-13"
"Justified: Season 2: Brother's Keeper","2014-04-11"
"Justified: Season 2: The Spoil","2014-04-10"
"Justified: Season 2: Save My Love","2014-04-10"
"Justified: Season 2: Blaze of Glory","2014-04-05"
"Justified: Season 2: Cottonmouth","2014-04-04"
"Justified: Season 2: For Blood or Money","2014-04-04"
"Justified: Season 2: The I of the Storm","2014-04-02"
"Justified: Season 2: The Life Inside","2014-04-01"
"Justified: Season 2: The Moonshine War","2014-03-28"
"Justified: Season 1: Bulletville","2014-03-28"
"Justified: Season 1: Fathers and Sons","2014-03-28"
"Justified: Season 1: Veterans","2014-03-19"
"Justified: Season 1: Hammer","2014-03-19"
"Weeds: Season 4: Till We Meet Again","2014-03-17"
"Justified: Season 1: Hatless","2014-03-17"
"Justified: Season 1: Blowback","2014-03-07"
"Weeds: Season 4: Head Cheese","2014-03-07"
"Justified: Season 1: Blind Spot","2014-03-07"
"Justified: Season 1: The Collection","2014-02-28"
"Weeds: Season 4: The Love Circle Overlap","2014-02-21"
"Justified: Season 1: The Lord of War and Thunder","2014-02-21"
"Justified: Season 1: Long in the Tooth","2014-02-19"
"Justified: Season 1: Fixer","2014-02-16"
"Arrested Development: Season 4: Colony Collapse","2014-02-16"
"Justified: Season 1: Riverbrook","2014-02-15"
"Justified: Season 1: Fire in the Hole","2014-02-15"
"Into the Blue","2014-02-15"
"Colombiana","2014-02-15"
"The Vow","2014-02-15"
"Weeds: Season 4: Little Boats","2014-02-14"
"Weeds: Season 4: I Am the Table","2014-02-12"
"Weeds: Season 4: Yes I Can","2014-02-08"
"Weeds: Season 4: Excellent Treasures","2014-02-06"
"Mr. D: Season 2: Gerry's Evaluation","2014-02-02"
"Weeds: Season 4: No Man Is Pudding","2014-01-31"
"Weeds: Season 4: The Three Coolers","2014-01-30"
"Weeds: Season 4: The Whole Blah Damn Thing","2014-01-25"
"Kevin Hart: I'm a Grown Little Man","2014-01-24"
"Inside: McDonald's","2014-01-24"
"Inside: Chipotle","2014-01-24"
"Olympus Has Fallen","2014-01-24"
"Weeds: Season 4: Lady's a Charm","2014-01-03"
"Remember Me","2013-12-27"
"Breaking Bad: Season 1: Pilot","2013-12-23"
"Orange Is the New Black: Season 1: Bora Bora Bora","2013-12-23"
"Orange Is the New Black: Season 1: F*cksgiving","2013-12-23"
"Orange Is the New Black: Season 1: Moscow Mule","2013-12-23"
"Orange Is the New Black: Season 1: Blood Donut","2013-12-23"
"Orange Is the New Black: Season 1: WAC Pack","2013-12-23"
"Orange Is the New Black: Season 1: The Chickening","2013-12-23"
"Orange Is the New Black: Season 1: Imaginary Enemies","2013-12-23"
"Orange Is the New Black: Season 1: Lesbian Request Denied","2013-12-23"
"Scandal: Season 2: White Hat's Back On","2013-12-23"
"Orange Is the New Black: Season 1: Tit Punch","2013-12-23"
"Orange Is the New Black: Season 1: I Wasn't Ready","2013-12-22"
"Eat Pray Love","2013-12-21"
"Blue Valentine","2013-12-21"
"Weeds: Season 4: Mother Thinks the Birds Are After Her","2013-12-19"
"Arrested Development: Season 1: My Mother, the Car","2013-12-16"
"Arrested Development: Season 1: In God We Trust","2013-12-16"
"Arrested Development: Season 1: Visiting Ours","2013-12-16"
"Arrested Development: Season 1: Charity Drive","2013-12-16"
"Arrested Development: Season 1: Key Decisions","2013-12-16"
"Arrested Development: Season 1: Bringing Up Buster","2013-12-16"
"Weeds: Season 3: Go","2013-12-16"
"Weeds: Season 3: Protection","2013-12-16"
"Arrested Development: Season 1: Top Banana","2013-12-10"
"Arrested Development: Season 1: Pilot","2013-12-10"
"The Change-Up","2013-12-08"
"The Next Three Days","2013-12-05"
"Cedar Rapids","2013-12-05"
"Bridesmaids","2013-12-04"
"Eternal Sunshine of the Spotless Mind","2013-11-30"
"Fat Kid Rules the World","2013-11-30"
"Weeds: Season 3: Risk","2013-11-27"
"Weeds: Season 3: The Dark Time","2013-11-21"
"Weeds: Season 3: Cankles","2013-11-19"
"Elite Squad","2013-11-15"
"Auschwitz: The Nazis and the Final Solution: Season 1: Surprising Beginnings","2013-11-15"
"Weeds: Season 3: Roy Till Called","2013-11-15"
"Saints and Soldiers","2013-11-14"
"Weeds: Season 3: Release the Hounds","2013-11-14"
"Black Hawk Down","2013-11-10"
"Patton","2013-11-10"
"Weeds: Season 3: The Two Mrs. Scottsons","2013-11-08"
"Weeds: Season 3: He Taught Me How to Drive-By","2013-11-06"
"Blue Gold: World Water Wars","2013-11-05"
"Weeds: Season 3: Bill Sussman","2013-11-05"
"Primal Fear","2013-11-04"
"Weeds: Season 3: Grasshopper","2013-11-04"
"The Queen of Versailles","2013-11-03"
"Weeds: Season 3: Sh*t Highway","2013-11-01"
"Following","2013-10-31"
"Flakes","2013-10-31"
"Weeds: Season 3: The Brick Dance","2013-10-31"
"Weeds: Season 3: A Pool and His Money","2013-10-27"
"Sherlock: Series 1: A Study in Pink","2013-10-25"
"Under Fire: Journalists in Combat","2013-10-23"
"The Last Days","2013-10-23"
"Weeds: Season 3: Doing the Backstroke","2013-10-18"
"Weeds: Season 2: Pittsburgh","2013-10-17"
"Weeds: Season 2: Yeah, Just Like Tomatoes","2013-10-16"
"Weeds: Season 2: Mile Deep and a Foot Wide","2013-10-15"
"Weeds: Season 2: Bash","2013-10-11"
"Our Idiot Brother","2013-10-10"
"Weeds: Season 2: MILF Money","2013-10-08"
"Weeds: Season 2: Must Find Toes","2013-10-02"
"The Walking Dead: Season 1: TS-19","2013-09-30"
"Weeds: Season 2: Crush Girl Love Panic","2013-09-28"
"Seven Wonders of the Industrial World: The Great Ship","2013-09-27"
"Petropolis: Aerial Perspectives on the Alberta Tar Sands","2013-09-27"
"Maxed Out","2013-09-27"
"Henry's Crime","2013-09-27"
"The Guilt Trip","2013-09-27"
"THE WAY BACK","2013-09-27"
"30 Minutes or Less","2013-09-27"
"Weeds: Season 2: Mrs. Botwin's Neighborhood","2013-09-26"
"Weeds: Season 2: A.K.A. the Plant","2013-09-26"
"The Walking Dead: Season 1: Wildfire","2013-09-23"
"The Walking Dead: Season 1: Vatos","2013-09-23"
"The Walking Dead: Season 1: Tell It to the Frogs","2013-09-23"
"The Walking Dead: Season 1: Guts","2013-09-23"
"The Walking Dead: Season 1: Days Gone Bye","2013-09-21"
"Life of Pi","2013-09-21"
"Get the Gringo","2013-09-20"
"Weeds: Season 2: Last Tango in Agrestic","2013-09-19"
"Weeds: Season 2: Cooking with Jesus","2013-09-19"
"Weeds: Season 2: Corn Snake","2013-09-18"
"Weeds: Season 1: The Godmother","2013-09-17"
"Weeds: Season 1: The Punishment Lighter","2013-09-16"
"Knight and Day","2013-09-15"
"Youth in Revolt","2013-09-14"
"It's a Disaster","2013-09-14"
"Taken 2","2013-09-13"
"Crazy, Stupid, Love","2013-09-13"
"House of Lies: Season 1: Amsterdam","2013-09-13"
"Weeds: Season 1: The Punishment Light","2013-09-09"
"Failure to Launch","2013-09-08"
"How to Lose a Guy in 10 Days","2013-09-08"
"Breaking Bad: Season 3: I See You","2013-09-06"
"Breaking Bad: Season 3: One Minute","2013-09-06"
"Breaking Bad: Season 3: Sunset","2013-09-06"
"I Now Pronounce You Chuck and Larry","2013-09-06"
"Breaking Bad: Season 3: Mas","2013-09-05"
"Breaking Bad: Season 3: Green Light","2013-09-05"
"Searching for Sugar Man","2013-09-05"
"Hell on Wheels: Season 2: Blood Moon Rising","2013-09-05"
"Meet the Fockers","2013-09-05"
"Breaking Bad: Season 3: I.F.T.","2013-09-05"
"The Slammin' Salmon","2013-09-04"
"House of Lies: Season 1: Gods of Dangerous Financial Instruments","2013-09-04"
"Serving Life","2013-09-04"
"Breaking Bad: Season 3: Caballo Sin Nombre","2013-09-04"
"Breaking Bad: Season 3: No Más","2013-09-04"
"Hell on Wheels: Season 2: Blood Moon","2013-09-03"
"The Social Network","2013-09-02"
"Breaking Bad: Season 2: ABQ","2013-09-02"
"Breaking Bad: Season 2: Phoenix","2013-09-02"
"Jackie Brown","2013-09-01"
"Chasing Mavericks","2013-08-31"
"Extract","2013-08-27"
"Orange County","2013-08-27"
"Breaking Bad: Season 2: 4 Days Out","2013-08-27"
"Hell on Wheels: Season 2: The Lord's Day","2013-08-27"
"Bowling for Columbine","2013-08-26"
"Big River Man","2013-08-25"
"Freaks and Geeks: Season 1: Tricks and Treats","2013-08-25"
"Saturday Night Live: The Best of Will Ferrell: Vol. 2","2013-08-25"
"The Other Guys","2013-08-25"
"Hell on Wheels: Season 2: The White Spirit","2013-08-24"
"House of Cards: Season 1: Chapter 13","2013-08-23"
"The Hurt Locker","2013-08-23"
"Batman","2013-08-23"
"Pirate Radio","2013-08-22"
"Friends with Benefits","2013-08-22"
"House of Cards: Season 1: Chapter 12","2013-08-22"
"House of Cards: Season 1: Chapter 11","2013-08-22"
"Hell on Wheels: Season 2: Purged Away with Blood","2013-08-21"
"Hell on Wheels: Season 2: The Railroad Job","2013-08-20"
"Hell on Wheels: Season 2: Scabs","2013-08-19"
"The Killing: Season 2: Openings","2013-08-17"
"The Killing: Season 2: Ghosts of the Past","2013-08-17"
"The Killing: Season 2: Ogi Jun","2013-08-16"
"The Killing: Season 2: Numb","2013-08-16"
"The Killing: Season 2: My Lucky Day","2013-08-16"
"The Killing: Season 2: Reflections","2013-08-16"
"The Killing: Season 1: Orpheus Descending","2013-08-15"
"The Killing: Season 1: Beau Soleil","2013-08-15"
"The Killing: Season 1: Missing","2013-08-15"
"The Killing: Season 1: I'll Let You Know When I Get There","2013-08-14"
"The Killing: Season 1: Undertow","2013-08-14"
"House of Cards: Season 1: Chapter 10","2013-08-10"
"House of Cards: Season 1: Chapter 9","2013-08-10"
"House of Cards: Season 1: Chapter 8","2013-08-09"
"House of Cards: Season 1: Chapter 7","2013-08-09"
"House of Cards: Season 1: Chapter 6","2013-08-09"
"House of Cards: Season 1: Chapter 5","2013-08-06"
"House of Cards: Season 1: Chapter 4","2013-08-06"
"House of Cards: Season 1: Chapter 3","2013-08-06"
"Inglourious Basterds","2013-08-06"
"Reservoir Dogs","2013-08-06"
"Hell on Wheels: Season 2: Slaughterhouse","2013-08-05"
"Hell on Wheels: Season 2: Durant, Nebraska","2013-08-03"
"The Office (U.K.): Series 1: The Quiz","2013-08-02"
"Freaks and Geeks: Season 1: Discos and Dragons","2013-08-02"
"Freaks and Geeks: Season 1: The Little Things","2013-08-02"
"Hell on Wheels: Season 2: Viva La Mexico","2013-08-01"
"Weeds: Season 1: Higher Education","2013-08-01"
"Freaks and Geeks: Season 1: Smooching and Mooching","2013-08-01"
"Freaks and Geeks: Season 1: Noshing and Moshing","2013-08-01"
"Freaks and Geeks: Season 1: Dead Dogs and Gym Teachers","2013-07-31"
"Freaks and Geeks: Season 1: Chokin' and Tokin'","2013-07-30"
"Weeds: Season 1: Dead in the Nethers","2013-07-30"
"Freaks and Geeks: Season 1: The Garage Door","2013-07-30"
"House of Cards: Season 1: Chapter 2","2013-07-30"
"Freaks and Geeks: Season 1: Looks and Books","2013-07-29"
"Freaks and Geeks: Season 1: The Diary","2013-07-29"
"Freaks and Geeks: Season 1: We've Got Spirit","2013-07-29"
"Freaks and Geeks: Season 1: Girlfriends and Boyfriends","2013-07-29"
"Freaks and Geeks: Season 1: Carded and Discarded","2013-07-28"
"Freaks and Geeks: Season 1: I'm With the Band","2013-07-28"
"Freaks and Geeks: Season 1: Tests and Breasts","2013-07-28"
"Freaks and Geeks: Season 1: Kim Kelly Is My Friend","2013-07-28"
"The Office (U.K.): Series 1: Work Experience","2013-07-28"
"Freaks and Geeks: Season 1: Beers and Weirs","2013-07-27"
"Freaks and Geeks: Season 1: Pilot Episode","2013-07-27"
"Weeds: Season 1: Lude Awakening","2013-07-25"
"Weeds: Season 1: Fashion of the Christ","2013-07-25"
"Weeds: Season 1: Good Sh*t Lollipop","2013-07-24"
"The Office (U.K.): Series 1: Downsize","2013-07-21"
"Weeds: Season 1: Free Goat","2013-07-20"
"Arrested Development: Season 4: Blockheads","2013-07-20"
"Arrested Development: Season 4: Off the Hook","2013-07-20"
"Weeds: Season 1: You Can't Miss the Bear","2013-07-19"
"The Imposter","2013-07-19"
"Dollhouse: Season 1: Ghost","2013-07-19"
"The Big C: Season 1: The Big C","2013-07-19"
"Saving Grace: Season 1: In the Beginning","2013-07-19"
"Lucky Number Slevin","2013-07-19"
"The Killing: Season 1: Pilot","2013-07-18"
"Arrested Development: Season 4: It Gets Better","2013-07-18"
"Arrested Development: Season 4: Señoritis","2013-07-18"
"Damages: Season 5: But You Don't Do That Anymore","2013-07-18"
"Damages: Season 5: I Like Your Chair","2013-07-17"
"Horrible Bosses","2013-07-14"
"Arrested Development: Season 4: A New Attitude","2013-07-14"
"Family Guy: Season 8: Peter-assment","2013-07-13"
"Family Guy: Season 8: Big Man on Hippocampus","2013-07-13"
"Family Guy: Season 8: Brian Griffin's House of Payne","2013-07-13"
"Family Guy: Season 8: April in Quahog","2013-07-13"
"Family Guy: Season 9: Baby You Knock Me Out","2013-07-13"
"John Hodgman: RAGNAROK","2013-07-13"
"The Sitter","2013-07-13"
"Arrested Development: Season 4: Queen B.","2013-07-12"
"Arrested Development: Season 4: Smashed","2013-07-12"
"Damages: Season 5: I'm Afraid of What I'll Find","2013-07-12"
"Arrested Development: Season 4: Red Hairing","2013-07-09"
"Arrested Development: Season 4: Double Crossers","2013-07-08"
"Arrested Development: Season 4: A New Start","2013-07-08"
"Damages: Season 5: The Storm's Moving In","2013-07-08"
"The Larry Sanders Show: Season 1: The Spider's Episode","2013-07-07"
"The Larry Sanders Show: Season 1: Promise","2013-07-07"
"The Larry Sanders Show: Season 1: What Have You Done for Me Lately?","2013-07-07"
"Arrested Development: Season 4: The B. Team","2013-07-06"
"Arrested Development: Season 4: Indian Takers","2013-07-06"
"Arrested Development: Season 4: Borderline Personalities","2013-07-05"
"Damages: Season 5: I Need To Win","2013-07-05"
"Arrested Development: Season 4: Flight of the Phoenix","2013-07-03"
"Damages: Season 5: There's Something Wrong With Me","2013-07-03"
"Arrested Development: Season 3: Development Arrested","2013-07-03"
"Arrested Development: Season 3: Family Ties","2013-07-03"
"Arrested Development: Season 3: Fakin' It","2013-07-03"
"Arrested Development: Season 3: S.O.B.s","2013-07-03"
"Arrested Development: Season 3: Exit Strategy","2013-07-02"
"Damages: Season 5: I Love You Mommy","2013-07-01"
"Arrested Development: Season 3: Making a Stand","2013-06-28"
"Arrested Development: Season 3: Prison Break-In","2013-06-28"
"Arrested Development: Season 3: The Ocean Walker","2013-06-28"
"Arrested Development: Season 3: Mr. F","2013-06-28"
"Arrested Development: Season 3: Notapusy","2013-06-27"
"Arrested Development: Season 3: Forget Me Now","2013-06-27"
"Arrested Development: Season 3: For British Eyes Only","2013-06-27"
"Dazed and Confused","2013-06-27"
"Arrested Development: Season 3: The Cabin Show","2013-06-26"
"Arrested Development: Season 2: The Righteous Brothers","2013-06-26"
"Arrested Development: Season 2: Spring Breakout","2013-06-26"
"Arrested Development: Season 2: Meat the Veals","2013-06-26"
"Arrested Development: Season 2: The Immaculate Election","2013-06-26"
"Arrested Development: Season 2: Motherboy XXX","2013-06-26"
"Hot Fuzz","2013-06-26"
"Arrested Development: Season 2: Ready, Aim, Marry Me!","2013-06-26"
"Arrested Development: Season 2: Burning Love","2013-06-26"
"Arrested Development: Season 2: Queen for a Day","2013-06-26"
"Arrested Development: Season 2: Switch Hitter","2013-06-25"
"Arrested Development: Season 2: Afternoon Delight","2013-06-25"
"Arrested Development: Season 2: Sad Sack","2013-06-25"
"Damages: Season 5: Failure Is Failure","2013-06-24"
"Lost: Season 1: Pilot: Part 1","2013-06-23"
"The Inbetweeners: Season 2: The Duke of Edinburgh Awards","2013-06-22"
"Arrested Development: Season 2: Sword of Destiny","2013-06-22"
"Saturday Night Live: The Best of Commercial Parodies","2013-06-21"
"Arrested Development: Season 2: Hand to God","2013-06-21"
"Arrested Development: Season 2: Out on a Limb","2013-06-21"
"Damages: Season 5: Have You Met The Eel Yet?","2013-06-19"
"The Inbetweeners: Season 2: A Night Out in London","2013-06-19"
"The Inbetweeners: Season 2: Will's Birthday","2013-06-19"
"The Inbetweeners: Season 2: Work Experience","2013-06-18"
"Arrested Development: Season 2: Good Grief","2013-06-17"
"Arrested Development: Season 2: iAmigos!","2013-06-17"
"Arrested Development: Season 2: The One Where They Build a House","2013-06-17"
"Arrested Development: Season 2: The One Where Michael Leaves","2013-06-17"
"Damages: Season 5: You Want To End This Once and For All?","2013-06-17"
"The Inbetweeners: Season 2: The Field Trip","2013-06-15"
"Arrested Development: Season 1: Let 'Em Eat Cake","2013-06-15"
"Arrested Development: Season 1: Not Without My Daughter","2013-06-15"
"Arrested Development: Season 1: Whistler's Mother","2013-06-15"
"Arrested Development: Season 1: Best Man for the Gob","2013-06-14"
"Arrested Development: Season 1: Missing Kitty","2013-06-14"
"Arrested Development: Season 1: Justice is Blind","2013-06-14"
"Arrested Development: Season 1: Shock and Aww","2013-06-14"
"Arrested Development: Season 1: Altar Egos","2013-06-14"
"Arrested Development: Season 1: Staff Infection","2013-06-14"
"Arrested Development: Season 1: Beef Consomme","2013-06-13"
"Arrested Development: Season 1: Marta Complex","2013-06-13"
"Arrested Development: Season 1: Public Relations","2013-06-13"
"Arrested Development: Season 1: Pier Pressure","2013-06-13"
"Arrested Development: Season 1: Storming the Castle","2013-06-13"
"Damages: Season 4: Failure Is Lonely","2013-06-13"
"Superbad","2013-06-13"
"Damages: Season 4: There's a Whole Slew of Ladies with Bad Things to Say About the Taliban","2013-06-12"
"Damages: Season 4: The War Will Go on Forever","2013-06-11"
"Damages: Season 4: I'm Worried About My Dog","2013-06-11"
"The Inbetweeners: Season 1: Xmas Party","2013-06-11"
"The Inbetweeners: Season 1: Caravan Club","2013-06-11"
"The Inbetweeners: Season 1: Girlfriend","2013-06-11"
"Damages: Season 4: Add That Little Hopper to Your Stew","2013-06-10"
"The Inbetweeners: Season 1: Thorpe Park","2013-06-10"
"The Inbetweeners: Season 1: Bunk Off","2013-06-10"
"The Inbetweeners: Season 1: First Day","2013-06-10"
"Damages: Season 4: We'll Just Have to Find Another Way to Cut the Balls Off of This Thing","2013-06-10"
"Damages: Season 4: Next One's on Me, Blondie","2013-06-09"
"Damages: Season 4: I'd Prefer My Old Office","2013-06-08"
"Damages: Season 4: I've Done Way Too Much for This Girl","2013-06-07"
"Damages: Season 4: There's Only One Way to Try a Case","2013-06-07"
"Damages: Season 3: The Next One's Gonna Go in Your Throat","2013-06-06"
"Damages: Season 3: You Were His Little Monkey","2013-06-04"
"The Inbetweeners: Season 3: The Camping Trip","2013-06-04"
"The Inbetweeners: Season 3: Home Alone","2013-06-04"
"The Inbetweeners: Season 3: The Trip to Warwick","2013-06-04"
"The Inbetweeners: Season 3: Will's Dilemma","2013-06-04"
"Damages: Season 3: All That Crap About Your Family","2013-06-03"
"The Inbetweeners: Season 3: The Gig and the Girlfriend","2013-06-03"
"The Inbetweeners: Season 3: The Fashion Show","2013-06-03"
"The Inbetweeners: Season 2: Exam Time","2013-06-02"
"Damages: Season 3: Tell Me I'm Not Racist","2013-06-01"
"Super High Me","2013-05-31"
"Damages: Season 3: Drive It Through Hardcore","2013-05-31"
"Damages: Season 3: I Look Like Frankenstein","2013-05-30"
"Damages: Season 3: You Haven't Replaced Me","2013-05-29"
"Damages: Season 3: Don't Forget to Thank Mr. Zedeck","2013-05-28"
"Damages: Season 3: It's Not My Birthday","2013-05-28"
"Damages: Season 3: Don't Throw That at the Chicken","2013-05-25"
"Damages: Season 3: Flight's at 11:08","2013-05-24"
"Damages: Season 3: The Dog Is Happier Without Her","2013-05-17"
"Damages: Season 3: Your Secrets Are Safe","2013-05-16"
"Damages: Season 2: Trust Me","2013-05-16"
"Damages: Season 2: Look What He Dug Up This Time","2013-05-13"
"Damages: Season 2: London. Of Course","2013-05-13"
"Cellular","2013-05-11"
"Battle: Los Angeles","2013-05-11"
"Family Guy: Season 9: Foreign Affairs","2013-05-10"
"Family Guy: Season 9: Brothers & Sisters","2013-05-10"
"Family Guy: Season 9: And I'm Joyce Kinney","2013-05-10"
"Family Guy: Season 9: Welcome Back Carter","2013-05-10"
"Family Guy: Season 6: Stewie Kills Lois: Part 1","2013-05-10"
"Damages: Season 2: Uh Oh. Out Come the Skeletons","2013-05-10"
"Damages: Season 2: You Got Your Prom Date Pregnant","2013-05-10"
"Damages: Season 2: They Had to Tweeze That Out of My Kidney","2013-05-10"
"Damages: Season 2: New York Sucks","2013-05-09"
"Damages: Season 2: A Pretty Girl in a Leotard","2013-05-08"
"Damages: Season 2: I Agree, It Wasn't Funny","2013-05-07"
"Family Guy: Season 6: 100th Episode Special","2013-05-07"
"Family Guy: Season 8: Brian & Stewie","2013-05-06"
"Damages: Season 2: Hey! Mr. Pibb!","2013-05-06"
"Damages: Season 2: I Knew You Were a Pig","2013-05-03"
"1000 Ways to Die: Season 2: Come On Get Deathy","2013-05-03"
"1000 Ways to Die: Season 2: Bringing in the Dead","2013-05-03"
"1000 Ways to Die: Season 2: Death Bites!","2013-05-03"
"1000 Ways to Die: Season 1: Hard Lives, Easy Deaths","2013-05-03"
"1000 Ways to Die: Season 1: Life Will Kill You","2013-05-03"
"Damages: Season 2: Burn It, Shred It, I Don't Care","2013-05-03"
"Damages: Season 2: I Lied, Too","2013-05-02"
"Damages: Season 1: Because I Know Patty","2013-04-30"
"Damages: Season 1: There's No We Anymore","2013-04-29"
"The Guild: Season 1","2013-04-27"
"24: Season 1: Pilot","2013-04-27"
"VGHS: The Movie","2013-04-26"
"Damages: Season 1: I Hate These People","2013-04-26"
"Damages: Season 1: Sort of Like a Family","2013-04-26"
"Damages: Season 1: Do You Regret What We Did?","2013-04-25"
"Damages: Season 1: Blame the Victim","2013-04-25"
"Damages: Season 1: We Are Not Animals","2013-04-25"
"Damages: Season 1: She Spat at Me","2013-04-24"
"Damages: Season 1: A Regular Earl Anthony","2013-04-23"
"Better Off Ted: Season 1: Pilot","2013-04-22"
"Damages: Season 1: Tastes Like a Ho Ho","2013-04-22"
"Damages: Season 1: And My Paralyzing Fear of Death","2013-04-22"
"Family Guy: Season 8: Go Stewie, Go!","2013-04-20"
"Damages: Season 1: Jesus, Mary and Joe Cocker","2013-04-20"
"Family Guy: Season 8: Extra-Large Medium","2013-04-20"
"Arthur","2013-04-19"
"Hemlock Grove: Season 1: Jellyfish in the Sky","2013-04-19"
"Top Gear: Series 2: Episode 5","2013-04-19"
"Top Gear: Series 2: Episode 10","2013-04-19"
"Buried","2013-04-19"
"Hell on Wheels: Season 1: God of Chaos","2013-04-16"
"Hell on Wheels: Season 1: Timshel","2013-04-16"
"Just Go With It","2013-04-13"
"Manhattan Murder Mystery","2013-04-13"
"Hall Pass","2013-04-13"
"Romantics Anonymous","2013-04-13"
"Jackass 3","2013-04-13"
"Family Guy: Season 8: Dial Meg for Murder","2013-04-13"
"Family Guy: Season 8: Business Guy","2013-04-12"
"Hell on Wheels: Season 1: Derailed","2013-04-12"
"Raising Arizona","2013-04-06"
"Jackass: The Movie","2013-04-06"
"Freakonomics","2013-04-06"
"This Means War","2013-03-29"
"Firefly: Season 1: Safe","2013-03-25"
"Firefly: Season 1: Shindig","2013-03-24"
"Firefly: Season 1: Bushwhacked","2013-03-24"
"Firefly: Season 1: The Train Job","2013-03-23"
"Firefly: Season 1: Serenity","2013-03-23"
"Identity","2013-03-18"
"Family Guy: Season 8: Dog Gone","2013-03-17"
"Saturday Night Live: The 2000s: Season 29: Jack Black","2013-03-16"
"Saturday Night Live: The 2000s: Season 30: Ben Affleck","2013-03-16"
"Hot Rod","2013-03-16"
"Saturday Night Live: The 2000s: Season 29: Justin Timberlake","2013-03-16"
"Saturday Night Live: The 2000s: Season 35: Ryan Reynolds","2013-03-16"
"Family Guy: Season 8: Jerome Is the New Black","2013-03-16"
"Family Guy: Season 8: Quagmire's Baby","2013-03-16"
"Family Guy: Season 8: Brian's Got a Brand New Bag","2013-03-16"
"The IT Crowd: Series 1: Yesterday's Jam","2013-03-15"
"Layer Cake","2013-03-15"
"Family Guy: Season 8: Spies Reminiscent of Us","2013-03-15"
"Family Guy: Season 8: Family Goy","2013-03-15"
"Family Guy: Season 9: It's a Trap","2013-03-11"
"Family Guy: Season 9: Tiegs for Two","2013-03-10"
"Family Guy: Season 9: Trading Places","2013-03-10"
"Family Guy: Season 9: The Hand that Rocks the Wheelchair","2013-03-10"
"Family Guy: Season 9: German Guy","2013-03-10"
"Family Guy: Season 9: Friends of Peter G","2013-03-09"
"Family Guy: Season 9: Halloween on Spooner Street","2013-03-07"
"Family Guy: Season 9: The Big Bang Theory","2013-03-02"
"Damages: Season 1: Get Me a Lawyer","2013-03-01"
"SpongeBob SquarePants: Season 1: Bubblestand / Ripped Pants","2013-03-01"
"Family Guy: Season 8: Hannah Banana","2013-03-01"
"Family Guy: Season 7: Ocean's 3 1/2","2013-03-01"
"Breaking Bad: Season 2: Better Call Saul","2013-03-01"
"Breaking Bad: Season 2: Negro y Azul","2013-02-28"
"Breaking Bad: Season 2: Peekaboo","2013-02-28"
"Breaking Bad: Season 2: Breakage","2013-02-27"
"Breaking Bad: Season 2: Down","2013-02-27"
"TEDTalks: Smart Laughs: Smart Laughs: Reggie Watts Disorients You in the Most Entertaining Way","2013-02-27"
"Mad Men: Season 1: Smoke Gets in Your Eyes","2013-02-27"
"The Dictator","2013-02-24"
"TEDTalks: Space Trek: Space Trek: Phil Plait: How to Defend Earth from Asteroids","2013-02-23"
"TEDTalks: Smart Laughs: Smart Laughs: Joe Smith: How to Use a Paper Towel","2013-02-23"
"TEDTalks: Smart Laughs: Smart Laughs: Charlie Todd: The Shared Experience of Absurdity","2013-02-23"
"Super Size Me","2013-02-10"
"Farmageddon","2013-02-08"
"Ultraviolet","2013-02-08"
"True Grit","2013-02-07"
"Dragons' Den: Season 3: Episode 5","2013-02-05"
"Dragons' Den: Season 3: Episode 4","2013-02-05"
"Dragons' Den: Season 3: Episode 3","2013-02-04"
"Dragons' Den: Season 3: Episode 2","2013-02-04"
"Breaking Bad: Season 2: Bit by a Dead Bee","2013-02-02"
"(500) Days of Summer","2013-02-01"
"127 Hours","2013-01-27"
"Machine Gun Preacher","2013-01-26"
"Friends with Kids","2013-01-22"
"Brokeback Mountain","2013-01-21"
"Russell Peters: The Green Card Tour","2013-01-20"
"Casa de mi Padre","2013-01-19"
"Zeitgeist: Moving Forward","2013-01-18"
"Gabriel Iglesias: Hot and Fluffy","2013-01-15"
"Breaking Bad: Season 2: Grilled","2013-01-15"
"Breaking Bad: Season 2: Seven Thirty-Seven","2013-01-15"
"Breaking Bad: Season 1: A No-Rough-Stuff-Type Deal","2013-01-15"
"Breaking Bad: Season 1: Crazy Handful of Nothin'","2013-01-15"
"Breaking Bad: Season 1: Gray Matter","2013-01-15"
"Breaking Bad: Season 1: Cancer Man","2013-01-15"
"Breaking Bad: Season 1: And the Bag's in the River","2013-01-15"
"Breaking Bad: Season 1: The Cat's in the Bag","2013-01-15"
"The Art of Flight","2013-01-13"
"10 Items or Less: Season 1: Miracle Worker","2013-01-12"
"10 Items or Less: Season 1: The New Boss","2013-01-12"
"Fawlty Towers: Series 1: A Touch of Class","2013-01-12"
"Kenny vs. Spenny: Season 3: First to Laugh Loses","2013-01-12"
"Mr. D: Season 1: Charity Day","2013-01-11"
"Mr. D: Season 1: Basketball Diaries","2013-01-11"
"Mr. D: Season 1: Field Trip","2013-01-10"
"Mr. D: Season 1: Quiz Cup","2013-01-09"
"Mr. D: Season 1: Guest Speaker","2013-01-09"
"Mr. D: Season 1: Job Opportunity","2013-01-09"
"Mr. D: Season 1: The Dance","2013-01-09"
"Mr. D: Season 1: Bully Awareness Week","2013-01-09"
"Mr. D: Season 1: Exam Week","2013-01-09"
"Mr. D: Season 1: 24-Hour Famine","2013-01-07"
"Mr. D: Season 1: Pilot","2013-01-07"
"Chronicle","2013-01-06"
"Smokin' Aces","2013-01-06"
"Good Hair","2013-01-05"
"It's Kind of a Funny Story","2013-01-04"
"National Lampoon's Christmas Vacation","2012-12-25"
"Saturday Night Live: The Best of Will Ferrell: Vol. 1","2012-12-25"
"Mission for Mussolini","2012-12-19"
"In Time","2012-11-30"
"Community: Season 3: Introduction to Finality","2012-11-25"
"Community: Season 3: The First Chang Dynasty","2012-11-25"
"The Bellboy","2012-11-24"
"Rango","2012-11-23"
"Community: Season 3: Digital Estate Planning","2012-11-23"
"Community: Season 3: Curriculum Unavailable","2012-11-23"
"Community: Season 3: Course Listing Unavailable","2012-11-22"
"Community: Season 3: Basic Lupine Urology","2012-11-21"
"Community: Season 3: Virtual Systems Analysis","2012-11-21"
"Community: Season 3: Origins of Vampire Mythology","2012-11-21"
"Community: Season 3: Pillows and Blankets","2012-11-20"
"Community: Season 3: Digital Exploration of Interior Design","2012-11-20"
"Community: Season 3: Contemporary Impressionists","2012-11-20"
"Community: Season 3: Urban Matrimony and the Sandwich Arts","2012-11-20"
"Community: Season 3: Regional Holiday Music","2012-11-19"
"Community: Season 3: Foosball and Nocturnal Vigilantism","2012-11-18"
"Community: Season 3: Documentary Filmmaking: Redux","2012-11-18"
"Community: Season 3: Studies in Modern Movement","2012-11-18"
"Community: Season 3: Advanced Gay","2012-11-18"
"Community: Season 3: Horror Fiction in Seven Spooky Steps","2012-11-17"
"Community: Season 3: Remedial Chaos Theory","2012-11-17"
"Community: Season 3: Competitive Ecology","2012-11-17"
"Zoolander","2012-11-17"
"Community: Season 3: Geography of Global Conflict","2012-11-17"
"Community: Season 3: Biology 101","2012-11-17"
"Planes, Trains and Automobiles","2012-11-17"
"Community: Season 2: For a Few Paintballs More","2012-11-17"
"Pingu: Meet Pingu","2012-11-17"
"Community: Season 2: A Fist Full of Paintballs","2012-11-17"
"Community: Season 2: Applied Anthropology and Culinary Arts","2012-11-17"
"Community: Season 2: Paradigms of Human Memory","2012-11-17"
"Community: Season 2: Competitive Wine Tasting","2012-11-17"
"Community: Season 2: Critical Film Studies","2012-11-17"
"Community: Season 2: Custody Law and Eastern European Diplomacy","2012-11-17"
"Community: Season 2: Intro to Political Science","2012-11-17"
"Accepted","2012-11-16"
"Rat Race","2012-11-16"
"Captain America: The First Avenger","2012-11-16"
"Community: Season 2: Intermediate Documentary Filmmaking","2012-11-16"
"Community: Season 2: Early 21st Century Romanticism","2012-11-16"
"Community: Season 2: Advanced Dungeons and Dragons","2012-11-15"
"Community: Season 2: Celebrity Pharmacology","2012-11-15"
"Inside Man","2012-11-15"
"Community: Season 2: Asian Population Studies","2012-11-14"
"Community: Season 2: Abed's Uncontrollable Christmas","2012-11-14"
"Community: Season 2: Mixology Certification","2012-11-14"
"Community: Season 2: Conspiracy Theories and Interior Design","2012-11-14"
"Community: Season 2: Cooperative Calligraphy","2012-11-14"
"Community: Season 2: Aerodynamics of Gender","2012-11-14"
"Community: Season 2: Epidemiology","2012-11-14"
"Community: Season 2: Messianic Myths and Ancient Peoples","2012-11-14"
"Community: Season 2: Basic Rocket Science","2012-11-14"
"Community: Season 2: The Psychology of Letting Go","2012-11-14"
"Community: Season 2: Accounting for Lawyers","2012-11-14"
"The Big Year","2012-11-13"
"Community: Season 2: Anthropology 101","2012-11-12"
"Thor","2012-11-12"
"Community: Season 1: Pascal's Triangle Revisited","2012-11-11"
"Community: Season 1: English as a Second Language","2012-11-10"
"Community: Season 1: Modern Warfare","2012-11-10"
"Community: Season 1: The Art of Discourse","2012-11-10"
"Community: Season 1: Contemporary American Poultry","2012-11-10"
"Community: Season 1: The Science of Illusion","2012-11-10"
"Community: Season 1: Beginner Pottery","2012-11-10"
"Community: Season 1: Basic Genealogy","2012-11-10"
"Community: Season 1: Physical Education","2012-11-10"
"Community: Season 1: Communication Studies","2012-11-10"
"Community: Season 1: Romantic Expressionism","2012-11-10"
"Community: Season 1: Interpretive Dance","2012-11-08"
"Community: Season 1: Investigative Journalism","2012-11-08"
"Community: Season 1: Comparative Religion","2012-11-08"
"NewsRadio: Season 1: Big Day","2012-11-08"
"NewsRadio: Season 1: The Crisis","2012-11-08"
"Jeff, Who Lives at Home","2012-11-08"
"RUBBER","2012-11-08"
"NewsRadio: Season 1: Smoking","2012-11-07"
"Community: Season 1: The Politics of Human Sexuality","2012-11-07"
"Grown Ups","2012-11-05"
"NewsRadio: Season 1: Inappropriate","2012-11-05"
"NewsRadio: Season 1: Pilot","2012-11-05"
"Baby Mama","2012-11-05"
"A Thousand Words","2012-11-05"
"Easy A","2012-11-05"
"TEDTalks: Doctors on the Cusp: Doctors on the Cusp: Anthony Atala: Printing a Human Kidney","2012-11-04"
"Louis C.K.: Chewed Up","2012-11-04"
"Family Guy: Season 9: New Kidney in Town","2012-11-04"
"1000 Ways to Die: Season 2: You're Dead! LOL!","2012-11-04"
"Dilbert: The Complete Series: The Name","2012-11-04"
"Family Guy: Season 9: Excellence in Broadcasting","2012-11-03"
"Community: Season 1: Environmental Science","2012-11-03"
"Community: Season 1: Debate 109","2012-11-03"
"Community: Season 1: Introduction to Statistics","2012-11-03"
"Community: Season 1: Football, Feminism and You","2012-11-03"
"Saturday Night Live: The 2000s: Season 35: Megan Fox","2012-11-03"
"Saturday Night Live: The 2000s: Season 26: Rob Lowe","2012-11-03"
"Family Guy: Season 1: Death Has a Shadow","2012-11-03"
"Community: Season 1: Advanced Criminal Law","2012-11-03"
"Community: Season 1: Social Psychology","2012-11-03"
"Dinner for Schmucks","2012-11-03"
"Community: Season 1: Introduction to Film","2012-11-03"
"Community: Season 1: Spanish 101","2012-11-03"
